ey, 0, sum
'j', 1.0606117248535156, 1.0606117248535156
